{
	"members": [
		{
			"id": 100,
			"firstname": "Vita",
			"lastname": "Havens",
			"name": "Vita Havens"
		},
		{
			"id": 101,
			"firstname": "Vivia",
			"lastname": "Carlson",
			"name": "Vivia Carlson"
		},
		{
			"id": 102,
			"firstname": "Dolli",
			"lastname": "Solitta",
			"name": "Dolli Solitta"
		},
		{
			"id": 103,
			"firstname": "Mureil",
			"lastname": "Kesley",
			"name": "Mureil Kesley"
		},
		{
			"id": 104,
			"firstname": "Alex",
			"lastname": "Marden",
			"name": "Alex Marden"
		},
		{
			"id": 105,
			"firstname": "Pearline",
			"lastname": "Lasley",
			"name": "Pearline Lasley"
		},
		{
			"id": 106,
			"firstname": "Carmela",
			"lastname": "Jammal",
			"name": "Carmela Jammal"
		},
		{
			"id": 107,
			"firstname": "Trixi",
			"lastname": "Tamsky",
			"name": "Trixi Tamsky"
		},
		{
			"id": 108,
			"firstname": "Florie",
			"lastname": "Merat",
			"name": "Florie Merat"
		},
		{
			"id": 109,
			"firstname": "Quintina",
			"lastname": "Palocz",
			"name": "Quintina Palocz"
		},
		{
			"id": 110,
			"firstname": "Glynnis",
			"lastname": "Doig",
			"name": "Glynnis Doig"
		},
		{
			"id": 111,
			"firstname": "Sam",
			"lastname": "Carlson",
			"name": "Sam Carlson"
		},
		{
			"id": 112,
			"firstname": "Alyda",
			"lastname": "Sibyls",
			"name": "Alyda Sibyls"
		},
		{
			"id": 113,
			"firstname": "Atlanta",
			"lastname": "Ajay",
			"name": "Atlanta Ajay"
		},
		{
			"id": 114,
			"firstname": "Mara",
			"lastname": "Kravits",
			"name": "Mara Kravits"
		},
		{
			"id": 115,
			"firstname": "Karina",
			"lastname": "Creamer",
			"name": "Karina Creamer"
		},
		{
			"id": 116,
			"firstname": "Dulce",
			"lastname": "Telfer",
			"name": "Dulce Telfer"
		},
		{
			"id": 117,
			"firstname": "Clo",
			"lastname": "Vanni",
			"name": "Clo Vanni"
		},
		{
			"id": 118,
			"firstname": "Kellen",
			"lastname": "Angelis",
			"name": "Kellen Angelis"
		},
		{
			"id": 119,
			"firstname": "Ardeen",
			"lastname": "Ursulette",
			"name": "Ardeen Ursulette"
		}
	],

	"dvds": [
		{
			"barcode": 2001,
			"Title": "Avatar",
			"Director": "James Cameron"
		  },
		  {
			"barcode": 2002,
			"Title": "I Am Legend",
			"Director": "Francis Lawrence"
		  },
		  {
			"barcode": 2003,
			"Title": "300",
			"Director": "Zack Snyder"
		  },
		  {
			"barcode": 2004,
			"Title": "The Avengers",
			"Director": "Joss Whedon"
		  },
		  {
			"barcode": 2005,
			"Title": "The Wolf of Wall Street",
			"Director": "Martin Scorsese"
		  },
		  {
			"barcode": 2006,
			"Title": "Interstellar",
			"Director": "Christopher Nolan"
		  },
		  {
			"barcode": 2007,
			"Title": "Doctor Strange",
			"Director": "Scott Derrickson"
		  },
		  {
			"barcode": 2008,
			"Title": "Rogue One: A Star Wars Story",
			"Director": "Gareth Edwards"
		  },
		  {
			"barcode": 2009,
			"Title": "Assassin's Creed",
			"Director": "Justin Kurzel"
		  }
	],

	"books": [
		{
		"barcode": 2010,
		  "isbn": "9781593275846",
		  "title": "Eloquent JavaScript, Second Edition",
		  "author": "Marijn Haverbeke"
		},
		{
			"barcode": 2011,
		  "isbn": "9781449331818",
		  "title": "Learning JavaScript Design Patterns",
		  "author": "Addy Osmani"
		},
		{
			"barcode": 2012,
		  "isbn": "9781449365035",
		  "title": "Speaking JavaScript",
		  "author": "Axel Rauschmayer"
		},
		{
			"barcode": 2013,
		  "isbn": "9781491950296",
		  "title": "Programming JavaScript Applications",
		  "author": "Eric Elliott"
		},
		{
			"barcode": 2014,
		  "isbn": "9781593277574",
		  "title": "Understanding ECMAScript 6",
		  "author": "Nicholas C. Zakas"
		},
		{
			"barcode": 2015,
		  "isbn": "9781491904244",
		  "title": "You Don't Know JS",
		  "author": "Kyle Simpson"
		},
		{
			"barcode": 2016,
		  "isbn": "9781449325862",
		  "title": "Git Pocket Guide",
		  "author": "Richard E. Silverman"
		},
		{
			"barcode": 2017,
		  "isbn": "9781449337711",
		  "title": "Designing Evolvable Web APIs with ASP.NET",
		  "author": "Glenn Block, et al."
		}
	  ]
}